name,description,eligibility,amount,procedure,contact,url
Beratungsprogramm für den Mittelstand,"Bei dem Programm handelt es sich um einen verlorenen (nicht rückzahlbaren) Zuschuss zu förderfähigen Beratungsleistungen, die von selbständigen Beratern oder Beratungsunternehmen erbracht werden.","Kleine und mittlere Unternehmen gemäß der jeweils gültigen EU-Definition für kleine und mittlere Unternehmen (KMU) mit Sitz oderBetriebsstättein Rheinland-Pfalz, die förderfähige Beratungsleistungen in Anspruch nehmen wollen.",Die Förderung erfolgt durch die Vergabe eines Zuschusses zu den von der Beraterin oder dem Berater in Rechnung gestellten Beratungskosten.Der Zuschuss beträgt maximal 500 Euro pro Tagewerk. Ein Tagewerk umfasst mindestens acht Beratungsstunden (inkl. Vor- und Nachbereitung sowie Berichterstellung und Fahrzeiten).Zuwendungsfähig sind maximal 15 Tagewerke je Unternehmen innerhalb von drei Jahren. Die Beraterinnen und Berater müssen über die für den Beratungsauftrag erforderlichen Fähigkeiten und ausreichenden Erfahrungen verfügen. Ein Nachweis der Befähigung kann durch Listung bei einer im Fachgebiet allgemein anerkannten Akkreditierungsstelle erfolgen.,Anträge sind postalisch an die im Antragsformular angegebene Adresse der ISB zu senden.Anträge auf Gewährung eines Zuschusses zu den Beratungskosten müssen vor der Beauftragung der Beratung gestellt werden. Mit der Beratung darf erst nach Erhalt des Zuwendungsbescheides begonnen werden.,Beratung Wirtschaftsförderung | 06131 6172-1333 | beratung@isb.rlp.de,https://isb.rlp.de/foerderung/136.html
Beratungsprogramm für Existenzgründung,"Durch den Zuschuss sollen Existenzgründende und Unternehmensnachfolgende bei der Vorbereitung ihrer Selbstständigkeit unterstützt werden, um das Scheitern von Existenzgründungen möglichst zu vermeiden. Entsprechendes gilt auch für Unternehmensübergaben. Es soll ein Anreiz zur Inanspruchnahme von professionellen Beratungen gegeben werden.","Natürliche Personen, die eine Existenzgründung oder eine Unternehmensnachfolge bzw. -übernahme in Rheinland-Pfalz planen.Im Rahmen von Unternehmensübergabe, Unternehmerinnen und Unternehmer mit Mehrheitsanteilen an einem Unternehmen, das weniger als 50 Mitarbeitende beschäftigt und dessen Jahresumsatz oder Jahresbilanz 10 Mio. Euro nicht überschreitet.  Die Unternehmerin oder der Unternehmer muss das 55. Lebensjahr vollendet haben bzw. auf Grund einer Erwerbsunfähigkeit das Unternehmen nicht weiterführen können.Erben von Unternehmen innerhalb eines Jahres nach Eintritt des Erbfalls.Der geplante Unternehmenssitz muss sich in Rheinland-Pfalz befinden.","Nicht zurückzahlbarer Zuschuss als Anteilsfinanzierung der gestellten Rechnung der Beratungskosten.Der Zuschuss beträgt bis zu 50 v. H. der in Rechnung gestellten Beratungskosten, entsprechend 400 Euro pro Tagwerk.Förderung von bis zu sechs Tagewerken.Ein Tagewerk umfasst mindestens acht Beratungsstunden (inkl. Vor- und Nachbereitung sowie Berichterstellung, und Fahrzeiten)Dem Zuwendungsbescheid wird eine De-minimis-Bescheinigung beigefügt, welche vom Unternehmen 10 Jahre aufzubewahren und bei künftigen Förderanträgen mit vorzulegen ist.","Anträge müssenvor Beauftragung einer Beraterin oder eines  Beratersgestellt werden.Antragannehmende Stellen sind:Industrie- und Handelskammern in Rheinland-PfalzHandwerkskammern in Rheinland-PfalzLandesverband der freien Berufe Rheinland-Pfalz e.V.Die Bewilligung des Zuschusses erfolgt durch die ISB.Mit der Beratung darf erst begonnen werden, wenn eine diesbezügliche Eingangsbestätigung der Bewilligungsbehörde (ISB) vorliegt.",Beratung Wirtschaftsförderung | 06131 6172-1333 | beratung@isb.rlp.de,https://isb.rlp.de/foerderung/134.html
"Betriebsansiedlung, Investitionsservice","Unternehmen der gewerblichen Wirtschaft, Handwerksbetriebe und Angehörige freier Berufe aus dem In- und Ausland, die einen Standort in Rheinland-Pfalz suchen.","Unternehmen der gewerblichen Wirtschaft, Handwerksbetriebe und Angehörige freier Berufe aus dem In- und Ausland, die einen Standort in Rheinland-Pfalz suchen.","Der Investorin oder dem Investor wird ein umfassender kostenloser Service angeboten. Das Team ""Investorenservice"" übernimmt bei der Projektrealisierung eine ""Lotsenfunktion"" für das investierende Unternehmen, um einen reibungslosen Ablauf bis zur Standortentscheidung zu ermöglichen. Dabei werden der Investorin oder dem Investor alle von ihm benötigten Informationen zur Verfügung gestellt. Zudem werden Ansprechpartnerinnen und Ansprechpartner, die Grundstücke oder Immobilien für eine Ansiedlung anbieten, vermittelt. Der landesweite Standortfinder im Internetwww.standortfinder.rlp.deist ein wichtiges Instrument bei der Standortberatung. Bei Ansiedlungsprojekten arbeitet die Stabsabteilung eng mit dem Wirtschaftsministerium sowie den regionalen Wirtschaftsförderern vor Ort zusammen.",,Tim Sandrock | 06131 6172-1226 | tim.sandrock@isb.rlp.de || Christoph Völker | 06131 6172-1210 | christoph.voelker@isb.rlp.de,https://isb.rlp.de/foerderung/betriebsansiedlung-investservice.html
Betriebsmittelkredit RLP,Mit dem Programm der Investitions- und Strukturbank Rheinland-Pfalz (ISB) soll ein Beitrag zur langfristigen Betriebsmittelfinanzierung und somit auch zur Schaffung und Sicherung von Arbeitsplätzen in Rheinland-Pfalz geleistet werden.,"Unternehmen der gewerblichen Wirtschaft (Handwerk, Handel und sonstiges Dienstleistungsgewerbe) gemäß der jeweils gültigen EU-Definition für kleine und mittlere Unternehmen (KMU),MidCap-Unternehmensowie Freiberuflerinnen undFreiberufler.Sanierungsfälle, Unternehmen in Schwierigkeiten gemäß der EU-Leitlinie können nicht gefördert werden.",Die Kreditgewährung erfolgt durch die ISB an die Hausbank zur Weiterleitung an die Endkreditnehmerin oder den Endkreditnehmer. Form und Umfang der Besicherung werden im Rahmen der Kreditverhandlung zwischen der Antragstellerin oder dem Antragsteller und der jeweiligen Hausbank vereinbart.Kredithöchstbetrag: 5 Mio. Euro100 % der Kosten können durch diesen Kredit unter Beachtung des EU-Beihilferechts finanziert werden.Die Auszahlung des Kredites erfolgt zu 100 %.Die Hausbank legt den Zinssatz für die Endkreditnehmerin oder den Endkreditnehmer auf Basis einer Preisklasse auf Grundlage des Risikogerechten Zinssystems der KfW fest. Diese ergibt sich unter Berücksichtigung der wirtschaftlichen Verhältnisse der Kreditnehmerin oder des Kreditnehmers (Bonität) und der für den Kredit gestelltenSicherheiten.Laufzeitvarianten: bis 10 Jahre bei höchstens 1 tilgungsfreien AnlaufjahrTilgungsvarianten:gleichhohe vierteljährliche Ratenin einer Summe am Ende der LaufzeitMit dem Vorhaben darf zum Zeitpunkt der Antragstellung noch nicht begonnen worden sein.,Die Antragstellung erfolgt über die Hausbank bei der ISB.,Beratung Wirtschaftsförderung | 06131 6172-1333 | beratung@isb.rlp.de,https://isb.rlp.de/foerderung/605.html
BITT-Technologieberatung,Bei dem Programm handelt es sich um eine verlorene (nicht rückzahlbare) Zuwendung zu Beratungsleistungen.,Kleine und mittlere Unternehmen gemäß der jeweils gültigen EU-Definition (KMU) mitBetriebsstättein Rheinland-Pfalz.,Die Förderung erfolgt durch die Vergabe einer Zuwendung zu den von der Beraterin oder dem Berater in Rechnung gestellten Beratungskosten.Der Zuschuss beträgt maximal 500 Euro pro Tagewerk. Ein Tagewerk umfasst mindestens 8 Beratungsstunden (inkl. Vor- und Nachbereitung sowie Berichterstellung und Fahrzeiten). Zuwendungsfähig sind maximal 15 Tagewerke je Unternehmen innerhalb von 3 Steuerjahren.Bei der Inanspruchnahme von Informationsvermittlungsstellen/Datenbankrecherchen werden maximal 250 Euro als Zuschuss gewährt. Hierbei können bis zu 15 Inanspruchnahmen innerhalb von 3 Steuerjahren gefördert werden.,"Anträge sind über die für das antragstellende Unternehmen zuständige Kammer (Handwerkskammer, Industrie- und Handelskammer) zu stellen. Die Kammer gibt gegenüber der ISB eine Förderempfehlung ab. Die Bewilligung der Zuwendung erfolgt durch die ISB. Anträge auf Gewährung einer Zuwendung zu den Beratungskosten müssen vor der Beauftragung der Beratung gestellt werden. Mit der Beratung kann begonnen werden, wenn eine Eingangsbestätigung oder der Bewilligungsbescheid der ISB vorliegt.",Beratung Wirtschaftsförderung | 06131 6172-1333 | beratung@isb.rlp.de,https://isb.rlp.de/foerderung/138.html
Bürgschaften,"Mit Bürgschaftsvergaben unterstützt das Land Rheinland-Pfalz gemeinsam mit der Investitions- und Strukturbank Rheinland-Pfalz (ISB) Unternehmen bei der Finanzierung von volks- und betriebswirtschaftlich förderfähigen Vorhaben in Rheinland-Pfalz, sofern von Unternehmerseite keine ausreichendenSicherheitenzur Verfügung gestellt werden können. Es handelt sich dabei um Höchstbetragsbürgschaften, die gegenüber Kreditinstituten, Versicherungsgesellschaften und Bausparkassen zur Absicherung von Investitions-,Betriebsmittel- und Avalkrediten zur Verfügung gestellt werden.","Bestehende Unternehmen mit Sitz und/oderBetriebsstättein Rheinland-Pfalz, z.B. gewerbliche Industrie-, Handels- und Handwerksbetriebe, Unternehmen der Wohnungswirtschaft, Bauträger, Angehörige freier Berufe und Existenzgründerinnen und Existenzgründer.","Die Bürgschaftsquote beträgtbei Investitionskrediten maximal 80 %bei Avalkrediten maximal 70 % undbei Betriebsmittelkrediten maximal 60 %Die Bürgschaftszusage erfolgt gegenüber der Hausbank des Unternehmens.Bürgschaften von i.d.R. 2,0 Mio. Euro bis 3,5 Mio. Euro werden als ISB-Bürgschaften ausgereicht, ab 3,5 Mio. Euro gilt das Landesbürgschaftsprogramm.Für die Übernahme einerBürgschaftwerden nach Maßgabe der allgemeinen Bürgschaftsbedingungen ein einmaliges Bearbeitungsentgelt und ein laufendes Bürgschaftsentgelt erhoben (vgl. Konditionentableau).Die Laufzeit richtet sich nach den Vorgaben der Hausbank und beträgt i.d.R. 10 bis 15 Jahre, bei Betriebsmittelkrediten oder Avalen 6 bis 8 Jahre. Die Laufzeit darf 15 Jahre (bei baulichen Maßnahmen für betriebliche Zwecke 23 Jahre) nicht überschreiten.",Die Antragstellung erfolgt über die Hausbank bei der ISB.,Axel Fries | 06131 6172-1280 | axel.fries@isb.rlp.de || Uwe Schmitt | 06131 6172-1447 | uwe.schmitt@isb.rlp.de || René Weise | 06131 6172-1240 | rene.weise@isb.rlp.de,https://isb.rlp.de/foerderung/900.html
Effizienzkredit RLP,Mit dem Programm der Investitions- und Strukturbank Rheinland-Pfalz (ISB) soll ein Beitrag zum Klima- und Umweltschutz in Rheinland-Pfalz geleistet werden.,"Unternehmen der gewerblichen Wirtschaft (Handwerk, Handel und sonstiges Dienstleistungsgewerbe) gemäß der jeweils gültigen EU-Definition für kleine und mittlere Unternehmen (KMU),MidCap-Unternehmensowie Freiberuflerinnen undFreiberufler.Sanierungsfälle, Unternehmen in Schwierigkeiten gemäß der EU-Leitlinie können nicht gefördert werden",Die Kreditgewährung erfolgt durch die ISB an die Hausbank zur Weiterleitung an die Endkreditnehmerin oder den Endkreditnehmer. Form und Umfang der Besicherung werden im Rahmen der Kreditverhandlung zwischen der Antragstellerin oder dem Antragsteller und der jeweiligen Hausbank vereinbart.Kredithöchstbetrag: 10 Mio. Euro100 % der Kosten können durch diesen Kredit unter Beachtung des EU-Beihilferechts finanziert werden.Die Auszahlung des Kredites erfolgt zu 100 %.Die Hausbank legt den Zinssatz für die Endkreditnehmerin oder den Endkreditnehmer auf Basis einer Preisklasse auf Grundlage des Risikogerechten Zinssystems der KfW fest. Diese ergibt sich unter Berücksichtigung der wirtschaftlichen Verhältnisse der Kreditnehmerin oder des Kreditnehmers (Bonität) und der für den Kredit gestelltenSicherheiten.Laufzeitvarianten:bis 5 Jahre bei höchstens 1 tilgungsfreien Anlaufjahrbis zu 10 Jahre bei höchstens 2 tilgungsfreien Anlaufjahrenbis zu 20 Jahre bei höchstens 3 tilgungsfreien AnlaufjahrenTilgungsvarianten:gleichhohe vierteljährliche Ratenin einer Summe am Ende der LaufzeitMit dem Vorhaben darf zum Zeitpunkt der Antragstellung noch nicht begonnen worden sein.,Die Antragstellung erfolgt über die Hausbank bei der ISB.,Beratung Wirtschaftsförderung | 06131 6172-1333 | beratung@isb.rlp.de,https://isb.rlp.de/foerderung/603.html
Forschung und Entwicklung (InnoTop),"Die Antragstellung ist hier nicht mehr möglich.Falls Sie einen Antrag (InnoTop) stellen möchten, klicken Sie bitte hier:Programm 358.","Förderfähig sind kleine und mittlere Unternehmen (KMU) in Rheinland-Pfalz, die nach der aktuellen KMU-Definition u.a. weniger als 250 Mitarbeitende beschäftigen und einen Jahresumsatz von weniger als 50 Mio. Euro erreichen. Große Unternehmen können im Rahmen der Verfügbarkeit der Haushaltsmittel ebenfalls in die Förderung einbezogen werden, wenn das Vorhaben auch von großer Bedeutung für das Land Rheinland-Pfalz ist bzw. eine herausragende volkswirtschaftliche Wirkung für das Land erwarten lässt.","Die Förderung für die Fördermodule „Durchführbarkeitsstudien“ und „FuE-Vorhaben“  erfolgt aus dem Europäischen Fonds für regionale Entwicklung (EFRE) im Ziel „Investitionen in Wachstum und Beschäftigung“ Rheinland-Pfalz, Förderperiode 2014-2020. Die nicht rückzahlbare Zuwendung ist für Durchführbarkeitsstudien auf maximal 52.500 Euro und für FuE-Vorhaben auf 500.000 Euro begrenzt. Die Förderquote ist abhängig von den als förderfähig anerkannten Ausgaben, der technologischen Exzellenz des Vorhabens und der Unternehmensgröße. Bei FuE-Vorhaben der industriellen Forschung kann der Einstiegsfördersatz bis zu 50 % betragen (ohne Zuschläge) und bei Vorhaben der experimentellen Entwicklung bis zu 25 %. Beinhaltet das Vorhaben sowohl  Komponenten der industriellen Forschung als auch Komponenten der experimentellen Entwicklung, ergibt sich der Einstiegsfördersatz aus dem gewogenen Mittel. Die möglichen Zuschläge zum Einstiegsfördersatz sind abhängig von der Unternehmensgröße, der Zusammenarbeit von Unternehmen  und der Einbindung von Forschungseinrichtungen, so dass ein Fördersatz bis zu 80 % der förderfähigen Kosten möglich ist.","Die Antragstellung erfolgt auf elektronischem Weg (Kundenportal) direkt bei der Investitions- und Strukturbank Rheinland-Pfalz (ISB). Entscheidend für die Antragstellung ist die Vorlage rechtsverbindlich unterschriebener Antragsunterlagen. Vor der Antragstellung besteht die Möglichkeit eines kostenlosen und unverbindlichen Vorgespräches. Für die Vorbereitung des Gespräches ist eine kurze Projektskizze mit Angaben zum Unternehmen, dem Vorhaben und den in etwa erwarteten Ausgaben (Schätzung) erforderlich.",Beratung Wirtschaftsförderung | 06131 6172-1333 | beratung@isb.rlp.de,https://isb.rlp.de/foerderung/269.html
Förderung der Auszubildenden aus Insolvenzbetrieben,"Bei dem Programm handelt es sich um einen verlorenen (nicht rückzahlbaren) Zuschuss, der sicherstellen soll, dass Auszubildende, die ihre Ausbildung auf Grund einer Insolvenz des bisherigen Ausbildungsbetriebes nicht fortführen können, die Ausbildung in einem neuen Betrieb fortsetzen und abschließen können.","Der Ausbildungsbetrieb, der Auszubildende aus Insolvenzbetrieben zur Fortsetzung der Ausbildung übernimmt. Voraussetzung dabei ist, dass die oder der Auszubildende im Zusammenhang mit der Beantragung, Eröffnung oder Abweisung eines Insolvenzverfahrens, eines Liquidations- oder Gesamtvollstreckungsverfahrens, einer Betriebsstilllegung oder –schließung oder durch den Wegfall der Ausbildungsberechtigung den jeweiligen Ausbildungsplatz verloren hat.Es muss sich um einen Berufsausbildungsvertrag nach dem Berufsbildungsgesetz (BBiG) oder der Handwerksordnung handeln, der in das Verzeichnis der Berufsbildungsverhältnisse bei der zuständigen Kammer oder sonst zuständigen Stelle nach dem Berufsbildungsgesetz eingetragen worden ist.Der Ausbildungsbetrieb muss seineBetriebsstätteoder Praxis in Rheinland-Pfalz haben.",Die Förderung erfolgt durch die Vergabe eines Zuschusses. Je Ausbildungsverhältnis kann ein einmaliger Zuschuss in Höhe von 2.500 Euro gewährt werden. Die Auszahlung erfolgt auf Antrag des Ausbildungsbetriebes nach Ablauf der restlichen Ausbildungszeit.,"Anträge sind über die zuständige Kammer (Handwerkskammer, Industrie- und Handelskammer) oder den sonstigen Stellen gem. Berufsbildungsgesetz spätestens drei Monate nach Fortsetzung der Ausbildung einzureichen.Die Bewilligung des Zuschusses erfolgt durch die ISB.",Beratung Wirtschaftsförderung | 06131 6172-1333 | beratung@isb.rlp.de,https://isb.rlp.de/foerderung/142.html
Förderung von Innovationsassistentinnen und -assistenten in kleinen und mittleren Unternehmen,"Verwaltungsvorschrift des Ministeriums für Wirtschaft, Verkehr, Landwirtschaft und Weinbau vom 20. Oktober 2021Das Förderprogramm Förderung von Innovationsassistentinnen und -assistenten in kleinen und mittleren Unternehmen aus Rheinland-Pfalz soll dazu beitragen, deren Innovations- und Wettbewerbsfähigkeit durch Technologie- und Wissenstransfer zu verbessern. Gefördert wird die Neueinstellung und sozialversicherungspflichtige Beschäftigung von Personen als Innovationsassistentinnen und -assistenten, die ein Hochschulstudium mit naturwissenschaftlich-technischer Ausrichtung abgeschlossen haben. Damit die Förderung einer Innovationsassistentin oder eines Innovationsassistenten möglich werden kann, muss ein kleines und mittleres Unternehmen in einer rheinland-pfälzischenBetriebsstätteein eigenes Forschungs- und Entwicklungsvorhaben, das den Forschungskategorien industrielle Forschung und/oder experimentelle Entwicklung gemäß EU-Verordnung Nr. 651/2014 entspricht, durchführen. Der Zeitraum für diese Förderung beträgt bis zu 24 Monate. Innovationsvorhaben aus dem Bereich IT, bzw. die sich mit Themen der Künstlichen Intelligenz befassen, benötigen mitunter weniger als 24 Monate Bearbeitungszeitraum. Insoweit können in solchen Fällen geschlossene Beschäftigungsverträge, abweichend zur Verwaltungsvorschrift (Nr. 4 d)) vom 20. Oktober 2021, auch eine geringere Mindestdauer aufweisen. Bei der Förderung handelt es sich um die Gewährung von monatlichen Festbeträgen in Form einer Zuwendung, deren Höhe sich nach der Unternehmensgröße zum Zeitpunkt der Bewilligung richtet.","Technologieorientierte, kleine und mittlere Unternehmen (KMU) in Rheinland-Pfalz, die nach der aktuellen KMU-Definition gemäß Anhang I der Verordnung (EU) Nr. 651/2014 u.a. weniger als 250 Mitarbeitende beschäftigen und einen Jahresumsatz von weniger als 50 Mio. Euro erreichen.","Die Förderung erfolgt als Projektförderung durch die Gewährung von nicht rückzahlbaren Zuschüssen. D.h., in Abhängigkeit der Größe des antragstellenden Unternehmens  werden für den Zeitraum von bis zu 24 Monaten monatliche Festbeträge (Zuschüsse) für die Beschäftigung von Innovationsassistentinnen und-assistenten gewährt. Die monatlichen Höchstbeträge bei Vollzeitbeschäftigung sind für:Kleine Unternehmen: 2.100 EuroMittlere Unternehmen: 1.750 EuroBei einer Teilzeitbeschäftigung vermindern sich die monatlichen Festbeträge entsprechend des Verhältnisses der tatsächlich ausgeübten Arbeitszeit zur tariflich vereinbarten Wochenarbeitszeit im Unternehmen. Die Teilzeitbeschäftigung muss dabei mindestens 50 % der tariflich vereinbarten Wochenarbeitszeit betragen. Soweit die tarifliche Wochenarbeitszeit nicht gilt, wird die volle wöchentliche Arbeitszeit mit 40 Stunden angesetzt.Für junge Unternehmen, deren Gründung nicht länger als fünf Jahre zurückliegt, kann zeitgleich eine Förderung von zwei Innovationsassistentinnen und-assistenten gewährt werden.Bei der Zuwendung handelt es sich um eine De-minimis-Beihilfe entsprechend der Verordnung (EU) Nr. 1407/2013 der Kommission vom 18. Dezember 2013 (Amtsblatt der Europäischen Kommission L 352 vom 24. Dezember 2013, S. 1ff.). Die maximal mögliche Zuwendung wird in jedem Fall als De-minimis-Beihilfehöchstbetrag zugrunde gelegt, auch wenn die tatsächlich beantragte Zuwendung geringer ist. Insoweit muss das antragstellende Unternehmen noch über ein freies De-minimis-Kontingent in mindestens dieser Höhe verfügen.",Die Antragstellung erfolgt direkt bei der Investitions- und Strukturbank Rheinland-Pfalz (ISB). Die Antragsunterlagen stehen alsausfüllbare PDF-Vorlagezur Verfügung. Entscheidend für die Antragstellung ist die Vorlage des vollständig ausgefüllten und rechtsverbindlich unterschriebenen Antrags.,Beratung Wirtschaftsförderung | 06131 6172-1333 | beratung@isb.rlp.de,https://isb.rlp.de/foerderung/245i.html
Einzelbetriebliches Innovations- und Technologieförderungsprogramm (InnoTop) im Rahmen des EFRE 2021-2027,"Verwaltungsvorschrift des Ministeriums für Wirtschaft, Verkehr, Landwirtschaft und Weinbau vom 20. Oktober 2023 (8401)Mit dem Förderprogramm besteht die Möglichkeit, für Forschung und Entwicklung nicht zurückzahlbare Zuwendungen zu beantragen. Gefördert werden Durchführbarkeitsstudien über die Analyse und Bewertung des Potenzials und der Erfolgsaussichten eines FuE-Vorhabens als Entscheidungsgrundlage. Zudem werden Forschungs- und Entwicklungsvorhaben (FuE-Vorhaben) gefördert, die neue, wesentlich geänderte oder verbesserte Produkte, Verfahren oder Dienstleistungen zum Ziel haben und den Forschungskategorien industrielle Forschung und/oder experimentelle Entwicklung gemäß EU-Definition zugeordnet werden können. Vorhaben müssen den Stand der Technik fortschreiben. Entsprechende Maßgaben gelten auch für Vorhaben im Bereich der Entwicklung, Änderung und Anpassung von Software. FuE-Vorhaben, deren angestrebte wirtschaftliche Verwertung einen Beitrag zur Klimaneutralität erwarten lassen, können bei einer entsprechenden qualitativen Beschreibung und quantitativen Abschätzung der zu erwartenden CO2-Einsparung einen höheren Zuwendungsbetrag beantragen. Für die Ermittlung des Betrags zur Klimaneutralität ist im Rahmen der Antragstellung die erwartete CO2-Einsparung nach einer anerkannten Berechnungsmethode (Stand der Technik) vorzulegen.","Zuwendungsempfänger sind Unternehmen mit einerBetriebsstättein Rheinland-Pfalz. Gefördert werden kleine und mittlere Unternehmen (KMU) nach der Definition in Anhang I der Verordnung (EU) Nr. 651/2014. Zum Kreis der Zuwendungsempfänger zählen auch kleine Unternehmen mit mittelgroßer Marktkapitalisierung, die bis zu 499 Mitarbeitende beschäftigen und kein KMU sind (SmallMidCaps). Große Unternehmen werden gefördert, wenn das beantragte Vorhaben von großer Bedeutung für das Land Rheinland-Pfalz ist.","Die Förderung erfolgt auf dem Wege der Anteilsfinanzierung durch die Gewährung von nicht zurückzahlbaren Zuschüssen. Für die Förderung von Durchführbarkeitsstudien und FuE-Vorhaben werden Mittel aus dem Europäischen Fonds für regionale Entwicklung (EFRE) im Ziel „Investitionen in Beschäftigung und Wachstum“ Rheinland-Pfalz, Förderperiode 2021-2027 (VV IWB-EFRE)“ vom 21. Dezember 2022 (MinBl. 2023 S. 8) verwendet.Die Förderung vonDurchführbarkeitsstudienrichtet sich nach der Größe des antragstellenden Unternehmens und ist wie folgt gestaffelt:Kleine Unternehmen:70 % der förderfähigen AusgabenMittlere Unternehmen:60 % der förderfähigen AusgabenGroße Unternehmen (einschl. SmallMidCaps):50 % der förderfähigen AusgabenDie Förderung vonFuE-Vorhabenrichtet sich nach der Innovationshöhe des beantragten Vorhabens sowie der Größe des antragstellenden Unternehmens. Die Grundförderung bei FuE-Tätigkeiten der Kategorien:Industrielle Forschung:50 % der förderfähigen AusgabenExperimentelle Entwicklung:25 % der förderfähigen AusgabenMögliche Zuschläge entsprechend der Unternehmensgröße:Kleines Unternehmen:20 %Mittleres Unternehmen:10 %Beteiligung von Einrichtungen für Forschungs- und Wissensverbreitung(unter besonderen Voraussetzungen):15 %Der maximale Fördersatz ist auf 80 % der förderfähigen Ausgaben begrenzt.Klimaschützende FuE-VorhabenUnter klimaschützende Vorhaben fallen FuE-Vorhaben, deren angestrebte wirtschaftliche Verwertung zusätzlich einen Beitrag zur Klimaneutralität erwarten lassen. Für die Ermittlung des Beitrags zur Klimaneutralität ist im Rahmen der Antragstellung die erwartete CO2-Einsparung nach einer anerkannten Berechnungsmethode, welche den Stand der Technik widerspiegelt, vorzulegen.",Anträge auf Gewährung von Zuwendungen sind an die ISB zu richten und elektronisch über das onlineEFRE-Kundenportal 2021-2027zu stellen.,Beratung Wirtschaftsförderung | 06131 6172-1333 | beratung@isb.rlp.de || Technischer Support Kundenportal | 06131 6172-1902 | support.kundenportal@isb.rlp.de,https://isb.rlp.de/foerderung/358.html
"Landesförderprogramm im Rahmen des EFRE 2021-2027 ""Implementierung betrieblicher Innovationen"" (IBI-EFRE)","Im Rahmen dieses Förderprogramms werden rheinland-pfälzische Unternehmen bei der Einführung betrieblicher Innovationen unterstützt. Die Zuwendungen sollen zur Schaffung bzw. Erhaltung Ihrer Leistungs- bzw. Wettbewerbsfähigkeit beitragen. Mit Hilfe der Zuwendungen sollen Investitionsanreize zur Umsetzung von für die Unternehmen wesentlichen Produktinnovationen, innovativen Geschäftsmodellen bzw. Innovationen im Produktionsprozess gesetzt werden.","Gefördert werden kleine und mittlere gewerbliche rheinland-pfälzische Unternehmen, einschließlich  Beherbergungsbetriebe.Nicht förderfähig sind die unter Nr. 8.1 der dem Förderprogramm zugrundeliegenden Verwaltungsvorschrift aufgeführten Wirtschaftszweige, u. a.: Land- und Forstwirtschaft, soweit nicht Verarbeitung oder Vermarktung, Aquakultur, Fischerei, Krankenhäuser, Kliniken, Sanatorien, Altenpflegeheime oder ähnliche Einrichtungen sowie Dienstleister, die entsprechende Leistungen ambulant erbringen, Campingplätze, Unternehmen in Schwierigkeiten, Gemeinnützige Unternehmen bzw. Unternehmen der öffentlichen Hand.",Die Förderung erfolgt als (nicht rückzahlbarer) Investitionszuschuss in Höhe des Förderhöchstsatzes von bis zu 20 % bei kleinen Unternehmen und bis zu 10 % bei mittleren Unternehmen. Der Mindestzuschussbetrag zum Bewilligungszeitpunkt liegt bei 50.000 EUR (förderfähige Kosten mindestens 250.000 EUR bzw. 500.000 EUR).Die Förderhöchstgrenze liegt bei 5 Mio. EUR.,"Die Antragstellung erfolgt digital über dasKundenportalder ISB. Ihr Förderantrag muss vor Investitionsbeginn (dies ist grundsätzlich der verbindliche – schriftliche oder mündliche – Abschluss eines der Ausführung zuzurechnenden Lieferungs- oder Leistungsvertrages) bei der ISB eingegangen und die schriftliche Bestätigung durch die ISB, dass die Fördervoraussetzungen vorbehaltlich einer detaillierten Prüfung dem Grunde nach erfüllt werden, muss vor Investitionsbeginn erteilt worden sein. Als Investitionsbeginn gilt auch ein auf die Finanzierung des Vorhabens abgeschlossener Darlehens- oder Finanzierungsvertrag bzw. auch die Aufnahme von Eigenleistungen.Mit dem Investitionsvorhaben muss grundsätzlich spätestens drei Monate nach Antragstellung begonnen werden.",Beratung Wirtschaftsförderung | 06131 6172-1333 | beratung@isb.rlp.de || Technischer Support Kundenportal | 06131 6172-1902 | support.kundenportal@isb.rlp.de,https://isb.rlp.de/foerderung/361.html
Innovationsgutschein (FuE-Auftrag),"Verwaltungsvorschrift vom 20. Oktober 2023 (8401)Mit dem Fördermodul Innovationsgutschein (FuE-Auftrag) aus dem Einzelbetrieblichen Technologieförderungsprogramm Rheinland-Pfalz (InnoTop) können Unternehmen mit einerBetriebsstättein Rheinland-Pfalz externe Forschungs- und Entwicklungseinrichtungen beauftragen, Entwicklungsleistungen für eigene Vorhaben zu erbringen. Für einen FuE-Auftrag kann von einem Unternehmen eine Zuwendung bis zu 20.000 Euro beantragt werden. Mit dem Innovationsgutschein (FuE-Auftrag) sollen kleine und mittlere Unternehmen angeregt werden, im Rahmen von eigenen Vorhaben mit externen Forschungs- und Entwicklungseinrichtungen zu kooperieren. Als externe Forschungs- und Entwicklungseinrichtungen gelten Hochschulen, öffentliche und private Forschungseinrichtungen, sowie vergleichbare privatwirtschaftliche Anbieter von Entwicklungsleistungen. Externe Forschungs- und Entwicklungseinrichtungen müssen übrigens nicht in Rheinland-Pfalz ansässig sein.Das Förderprogramm Innovationsgutschein (FuE-Auftrag) steht für ein schlankes Antragsverfahren und eine schnelle Förderentscheidung.","Kleine und mittlere Unternehmen (KMU) in Rheinland-Pfalz, die nach der aktuellen KMU-Definition u. a. weniger als 250 Mitarbeitende beschäftigen und einen Jahresumsatz von weniger als 50 Mio. Euro erreichen.","Die Förderung erfolgt mit einem Zuschuss als Anteilsfinanzierung im Rahmen der zur Verfügung stehenden Haushaltsmittel. Die Höhe der Förderung beträgt 50 % der förderfähigen Kosten und ist auf maximal 20.000 Euro begrenzt. Im Falle eines Kooperationsvorhabens mit mehreren Partnerunternehmen wird dem federführenden Partner ein Koordinierungsaufwand von 5 % der Summe der förderfähigen Ausgaben aller Kooperationspartner zusätzlich gewährt. Das Vorhaben muss innerhalb eines Jahres abgeschlossen sein. Maßgeblich ist das Datum des Zuwendungsbescheides.Bei der Zuwendung handelt es sich um eine De-minimis Beihilfe entsprechend der Verordnung (EU) Nr. 1407/2013 der Kommission vom 18. Dezember 2013 (Amtsblatt der Europäischen Kommission L 352 vom 24. Dezember 2013, S. 1 ff.).Die maximal mögliche Zuwendung von 20.000 Euro wird in jedem Fall als De-minimis-Beihilfehöchstbetrag zugrunde gelegt, auch wenn die tatsächlich beantragte Zuwendung geringer ist. Insoweit muss das antragstellende Unternehmen noch über ein freies De-minimis-Kontingent in mindestens dieser Höhe verfügen.",Die Antragstellung erfolgt direkt bei der Investitions- und Strukturbank Rheinland-Pfalz (ISB). Die Antragsunterlagen sind als ausfüllbare pdf-Vorlage hinterlegt. Entscheidend für die fristwahrende Antragstellung ist die Vorlage des rechtsverbindlich unterschriebenen und vollständigen Antrags in Printform.,Beratung Wirtschaftsförderung | 06131 6172-1333 | beratung@isb.rlp.de,https://isb.rlp.de/foerderung/255.html
ISB Mittelstandskredit,Der zinsverbilligte Mittelstandskredit – optional mit einerHaftungsfreistellungder ISB für das durchleitende Kreditinstitut – richtet sich nach dem ERP-Förderkredit KMU der KfW. Die ISB verbilligt die ohnehin schon günstigen Kredite der KfW zusätzlich.Der Mittelstandskredit kann in folgenden Programmvarianten beantragt werden:ISB Mittelstandskredit (665)ISB Mittelstandskredit mit Haftungsfreistellung (667),"Natürliche PersonenJuristische Personen, die sich mehrheitlich im Privatbesitz befindenRechtsfähige Personengesellschaftenjeweils gemäß der EU-Definition für kleine und mittlere Unternehmen (KMU), die in Ausübung oder zur Aufnahme einer gewerblichen oder freiberuflichen Tätigkeit handeln.Sanierungsfälle und Unternehmen in Schwierigkeiten gemäß der EU-Leitlinie können nicht gefördert werden.",Die Kreditgewährung erfolgt durch die ISB an die Hausbank zur Weiterleitung an die Endkreditnehmerinnen und Endkreditnehmer. Form und Umfang der Besicherung werden im Rahmen der Kreditverhandlung zwischen den Antragstellenden und der jeweiligen Hausbank vereinbart.Kredithöchstbetrag:5 Mio. € für Investitionskredite2 Mio. € für Betriebsmittelkredite100 % der Kosten können durch diesen Kredit unter Beachtung des EU-Beihilferechts finanziert werden.Die Auszahlung des Kredites erfolgt zu 100 %.Die Hausbank legt den Zinssatz für die Endkreditnehmerinnen und Endkreditnehmer auf Basis einer Preisklasse auf Grundlage des Risikogerechten Zinssystems der KfW fest. Diese ergibt sich unter Berücksichtigung der wirtschaftlichen Verhältnisse der Kreditnehmenden (Bonität) und der für den Kredit gestelltenSicherheiten.Laufzeitvarianten:2 Jahre mit einer endfälligen Tilgung und einer Zinsbindung für die gesamte Kreditlaufzeit für Warenlager- und Betriebsmittelkreditebis zu 5 Jahre bei höchstens 1 tilgungsfreien Anlaufjahr (bei Betriebsmittelkrediten maximale Laufzeit) und einer Zinsbindung für die gesamte Kreditlaufzeitbis zu 10 Jahre bei höchstens 2 tilgungsfreien Anlaufjahren (bei Warenlagerkrediten maximale Laufzeit) und einer Zinsbindung für die gesamte Kreditlaufzeitbis zu 20 Jahre bei höchstens 3 tilgungsfreien Anlaufjahren und einer Zinsbindung für die ersten 10 JahreMit dem Vorhaben darf zum Zeitpunkt der Antragstellung noch nicht begonnen worden sein.,Die Antragstellung erfolgt über die Hausbank bei der ISB.,Beratung Wirtschaftsförderung | 06131 6172-1333 | beratung@isb.rlp.de,https://isb.rlp.de/foerderung/665-667.html
Konsortialkredit,"Über die Teilnahme der ISB an einem Kreditkonsortium sollen strukturpolitisch bedeutsame Vorhaben in Rheinland-Pfalz gefördert werden. Ein besonderer Struktureffekt liegt vor allem dann vor, wenn das Vorhaben geeignet ist, die Wirtschafts- und/oder Wohnraumstruktur oder das Arbeitsangebot in Rheinland-Pfalz zu verbessern. Mit dem Konsortialkredit soll somit ein Beitrag zur Schaffung und Erhaltung wettbewerbsfähiger Unternehmen und zukunftssicherer Arbeitsplätze geleistet werden.",,,Anträge sind von den Banken formlos bei der ISB einzureichen.,Gisbert Renkel | 06131 6172-1283 | gisbert.renkel@isb.rlp.de,https://isb.rlp.de/foerderung/119.html
"Landesförderprogramm im Rahmen des EFRE 2021-2027 „Effizienzsteigerung gewerblicher Unternehmen"" (EffInvest)","Im Rahmen dieses Förderprogramms werden rheinland-pfälzische Unternehmen bei der Steigerung ihrer Energie- und Ressourceneffizienz unterstützt. Die Zuwendungen sollen zur wirksamen Verringerung von Treibhausgasemissionen, Materialverbrauch und Abfallaufkommen beitragen und die Wettbewerbsfähigkeit des Industriestandortes Rheinland-Pfalz nachhaltig sichern.","Gefördert werden gewerbliche rheinland-pfälzische Unternehmen einschließlich Gastronomie- und Beherbergungsbetriebe, mit Ausnahme der in der Verwaltungsvorschrift unter Punkt 7.1 genannten Wirtschaftszweige.","Die Förderung erfolgt als (nicht rückzahlbarer) Investitionszuschuss in Höhe des Förderhöchstsatzes von bis zu 20 %. Es werden nur Förderungen bewilligt, deren geplanter Investitionsumfang eine Zuschusshöhe von 50.000 Euro oder mehr zulässt. Dies bedeutet, dass bei kleinen Unternehmen in der Regel ein förderfähiges Mindestinvestitionsvolumen von 250.000 Euro erforderlich ist, bei mittleren und großen Unternehmen von 500.000 Euro.Zuwendungen werden grundsätzlich nur für Vorhaben gewährt, die innerhalb von 36 Monaten durchgeführt (beendet) werden.Die Förderung erfolgt bei großen Unternehmen als De-minimis-Beihilfe. In diesen Fällen wird die geänderte Höchstgrenze von 300.000 Euro innerhalb von drei Jahren beachtet.","Die Antragstellung erfolgt digital über dasKundenportalder ISB. Ihr Förderantrag muss vor Investitionsbeginn (dies ist grundsätzlich der verbindliche – schriftliche oder mündliche – Abschluss eines der Ausführung zuzurechnenden Lieferungs- oder Leistungsvertrages) bei der ISB eingegangen und die schriftliche Bestätigung durch die ISB, dass die Fördervoraussetzungen vorbehaltlich einer detaillierten Prüfung dem Grunde nach erfüllt werden, muss vor Investitionsbeginn erteilt worden sein. Als Investitionsbeginn gilt auch ein auf die Finanzierung des Vorhabens abgeschlossener Darlehens- oder Finanzierungsvertrag bzw. auch die Aufnahme von Eigenleistungen.Mit dem Investitionsvorhaben muss grundsätzlich spätestens drei Monate nach Antragstellung begonnen werden.",Beratung Wirtschaftsförderung | 06131 6172-1333 | beratung@isb.rlp.de || Technischer Support Kundenportal | 06131 6172-1902 | support.kundenportal@isb.rlp.de,https://isb.rlp.de/foerderung/364.html
Landesförderprogramm „Stärkung strukturschwacher Regionen“ (REGIO),Im Rahmen der Programme zur regionalen Wirtschaftsförderung werden Investitionsvorhaben von Unternehmen in strukturschwachen Regionen des Landes Rheinland-Pfalz gefördert. Dabei bestehen Fördermöglichkeiten im Landesfördergebiet.,"Gefördert werden gewerbliche Produktionsbetriebe sowie bestimmte Handwerks- und Dienstleistungsbetriebe. Beherbergungsbetriebe, Gaststätten und Campingplätze können über dieses Förderprogramm nicht begünstigt werden.Unterstützt wird bei kleinen und mittleren Unternehmendie Errichtung einer neuen Betriebsstättedie Erweiterung einer bestehenden BetriebsstätteDies umfasst neben dem Ausbau von Kapazitäten auch die Diversifizierung der Produktion einer Betriebsstätte durch vorher dort nicht hergestellte Produkte und die grundlegende Änderung des gesamten Produktionsprozesses einer bestehenden Betriebsstätte.Die Förderung setzt die Sicherung der vorhandenen und Schaffung von neuen Dauerarbeitsplätzen voraus.","Die Förderung erfolgt als (nicht rückzahlbarer) Investitionszuschuss in Höhe des entsprechenden Förderhöchstsatzes. Dabei kann die Zuwendung je nach Unternehmensgröße von 10 % bis zu 20 % der förderfähigen Kosten betragen. Für Investitionsmaßnahmen, deren Investitionsvolumen 10 Mio. Euro überschreitet, wird ein Fördersatz von 5 % für den 10 Mio. Euro übersteigenden Betrag gewährt. Der Mindestzuschussbetrag zum Bewilligungszeitpunkt liegt bei 20.000 Euro (förderfähige Kosten bei kleinen Unternehmen mindestens 100.000 Euro, bei mittleren Unternehmen mindestens 200.000 Euro).","Der Förderantrag muss vor Investitionsbeginn (dies ist grundsätzlich der verbindliche - schriftliche oder mündliche - Abschluss eines der Ausführung zuzurechnenden Lieferungs- oder Leistungsvertrages) bei der ISB eingegangenund die schriftliche Bestätigung durch die ISB, dass die Fördervoraussetzungen vorbehaltlich einer detaillierten Prüfung dem Grunde nach erfüllt werden,muss vor Investitionsbeginn erteilt worden sein. Als Investitionsbeginn gilt auch ein auf die Finanzierung des Vorhabens abgeschlossener Darlehens- oder Finanzierungsvertrag bzw. auch die Aufnahme von Eigenleistungen.Nach Antragstellung werden von der ISB fachliche Stellungnahmen der zuständigen Kammer (IHK, HWK) sowie der Agentur für Arbeit eingeholt.Mit dem Investitionsvorhaben muss grundsätzlich spätestens drei Monate nach Antragstellung begonnen werden.",Beratung Wirtschaftsförderung | 06131 6172-1333 | beratung@isb.rlp.de,https://isb.rlp.de/foerderung/154.html
Messezuschuss,"Anträge für das Messezuschussprogramm können wieder gestellt werden. Aufgrund des besonderen Erfolgs des Außenwirtschaftsprogramms wird insbesondere das Engagement bei den Gemeinschaftsständen im Rahmen des Programms „Gemeinsam auf Auslandsmärkte 2025“ fortgesetzt. Dasaktuelle Jahresprogramm der Außenwirtschaft Rheinland-Pfalzbietet einen Überblick, welche Auslandsmärkte im Jahr 2025 stattfinden, an denen Messebeteiligungen grundsätzlich möglich sind. Nach erfolgter Abstimmung einer Teilnahme an einem Gemeinschaftsstand des Landes Rheinland-Pfalz mit dem Team der Außenwirtschaft kann ein Antrag bei der ISB gestellt werden.Bedingt durch die starke Inanspruchnahme des Messezuschussprogramms können Anträge für darüberhinausgehende individuelle Teilnahmen z.Zt. nur für jene Messen gestellt werden, die in der ersten Jahreshälfte (also bis inklusive 30.06.2025) stattfinden.","Gefördert werden kleine und mittlere Unternehmen (KMU) gemäß der jeweils gültigen EU-Definition, sowie landwirtschaftliche Betriebe und Angehörige freier Berufe mit einem Sitz oder einerBetriebsstättein Rheinland-Pfalz.Unternehmen, bei denen eine direkte oder indirekte Mehrheitsbeteiligung der öffentlichen Hand besteht, sind von der Förderung ausgeschlossen.","Die Zuwendung erfolgt als Festbetragsfinanzierung durch einen Zuschuss zu den Veranstaltungskosten.Innerhalb Europas                          3.000 €Außerhalb Europas                        5.000 €Digitale Veranstaltungen            1.000 €Der als Festbetrag ausgezahlte Zuschuss darf die Höhe der tatsächlichen Veranstaltungskosten nicht übersteigen.Zu den Veranstaltungskosten können folgende Ausgaben gerechnet werden: Standmiete, Standaufbau, Personalausgaben, Reise- und Übernachtungsausgaben, Werbemittel, Aufwendungen für Exponate, Versicherungen, Mailing-Aktionen usw.Der Antragseingang bei der ISB ist bis einen Tag vor Messebeginn möglich.","Anträge sind postalisch an die im Antragsformular angegebene Adresse der ISB zu senden.Es können nur Anträge berücksichtigt werden, die der ISB am Tag vor Messebeginn vorliegen.In dringenden Fällen kann zur Fristwahrung vorab ein Scan der unterschriebenen Antragsunterlagen per E-Mail ankleinprogramme@isb.rlp.degesendet werden. Der Originalantrag muss postalisch nachgereicht werden.",Beratung Wirtschaftsförderung | 06131 6172-1333 | beratung@isb.rlp.de,https://isb.rlp.de/foerderung/109.html
Regionalförderung Fördergebiet Gemeinschaftsaufgabe,"Im Rahmen der Programme zur regionalen Wirtschaftsförderung werden Investitionsvorhaben von Unternehmen in strukturschwachen Regionen des Landes Rheinland-Pfalz gefördert. Dabei bestehen Fördermöglichkeiten im Gebiet der Gemeinschaftsaufgabe ""Verbesserung der regionalen Wirtschaftsstruktur"" (GRW-Gebiete).","Gefördert werden gewerbliche Unternehmen und Fremdenverkehrsbetriebe, deren Wirtschaftszweig (5stellige Kennzeichnung der amtlichen Statistik) in der „Positivliste“ bzw. „bedingten Positivliste“ (Anhang 4.1 und 4.2 im Koordinierungsrahmen) aufgeführt wird, bis auf einige Ausnahmen, die unter Nummer 9.2 der VV von einer Förderung ausgeschlossen sind.Unterstützt wirdbei kleinen und mittleren Unternehmendie Errichtung einer neuen Betriebsstätte (Errichtungsinvestitionen)der Ausbau der Kapazitäten einer bestehenden Betriebsstätte (Erweiterungsinvestitionen)die Diversifizierung der Produktion einer Betriebsstätte in vorher dort nicht hergestellte Produktedie grundlegende Änderung des gesamten Produktionsprozesses einer bestehenden Betriebsstättesowie bei Großunternehmen (Förderung nur im C-Fördergebiet möglich)die Errichtung einer neuen Betriebsstätte (Errichtungsinvestitionen)die Diversifizierung der Tätigkeit einer Betriebsstätte, sofern die neue Tätigkeit nicht dieselbe oder eine ähnliche Tätigkeit wie die früher in der Betriebstätte ausgeübte Tätigkeit istDie Förderung setzt unter anderem die Schaffung von neuen bzw. Sicherung von Dauerarbeitsplätzen voraus.","Die Förderung erfolgt als (nicht rückzahlbarer) Investitionszuschuss in Höhe des entsprechenden Förderhöchstsatzes. Dabei kann die Zuwendung je nach Art des Vorhabens von 10 % bis zu 30 % der förderfähigen Kosten betragen (in den LK Birkenfeld und Südwestpfalz jeweils 5 % mehr). Für Investitionsmaßnahmen, deren Investitionsvolumen 10 Mio. Euro überschreitet, wird ein Fördersatz von 5 % für den 10 Mio. Euro übersteigenden Betrag gewährt.","Der Förderantrag muss vor Investitionsbeginn (= grundsätzlich der Abschluss eines Lieferungs- oder Leistungsvertrages) bei der ISB eingegangen sein. Als Investitionsbeginn gilt auch ein auf die Finanzierung des Vorhabens abgeschlossener Darlehens- oder Finanzierungsvertrag.Vor dem Beginn des Investitionsvorhabens ist die schriftliche Bestätigung der grundsätzlichen Förderfähigkeit durch die Bewilligungsstelle abzuwarten.Nach Antragstellung erfolgt eine Antragskomplettierung durch ergänzende Angaben von Seiten der Investorin oder des Investors, sowie fachliche Stellungnahmen der zuständigen Kammer (IHK, HWK) bzw. ergänzend der Agentur für Arbeit.Mit dem Investitionsvorhaben muss grundsätzlich spätestens drei Monate nach Antragstellung begonnen werden.",Beratung Wirtschaftsförderung | 06131 6172-1333 | beratung@isb.rlp.de,https://isb.rlp.de/foerderung/153.html
Venture Capital/Beteiligungen,Die ISB stellt über verschiedene Tochtergesellschaften (Beteiligungsfonds) Unternehmen in Rheinland-Pfalz Beteiligungskapital in Form von Direkt-Beteiligungen (Erwerb von Gesellschaftsanteilen) und/oder typisch stillen Beteiligungen zur Verfügung. Das Beteiligungskapital dient zur Stärkung des wirtschaftlichen Eigenkapitals des antragstellenden Unternehmens.,"Kleine und mittlere Unternehmen (KMU) gemäß der jeweils gültigen EU Definition für KMU in Form einer Kapitalgesellschaft mit einerBetriebsstättein Rheinland-Pfalz. Eine Beteiligung der Innovationsfonds Rheinland-Pfalz setzt voraus, dass die Aufnahme der Geschäftstätigkeit zum Zeitpunkt der Antragstellung nicht länger als fünf Jahre zurückliegt. Darüber hinaus muss es sich hierbei um ein Kleines Unternehmen (KU) gemäß der EU Definition handeln. Von den antragstellenden Unternehmen wird ein innovatives Geschäftsmodell mit einer Wachstumsperspektive erwartet.","Die Beteiligung kann alsOffene Beteiligungüber den Erwerb von Gesellschaftsanteilen oder als typischStille Beteiligungzur Verfügung gestellt werden. Häufig erfolgt die Finanzierung in einer Kombination aus offener und typisch stiller Beteiligung. Die Beteiligung wird im Rahmen einer konkreten Projektfinanzierung zur Verfügung gestellt; die Höchstgrenze für die Beteiligung in einer ersten Finanzierungsrunde liegt bei 500.000 Euro und orientiert sich an Finanzierungsbeiträgen der Gesellschafter bzw. weiterer Investoren. Für dieStille Beteiligungist eine Festvergütung sowie eine gewinnabhängige Vergütung zu zahlen, die individuell auf Basis des durchgeführten Unternehmens-Ratings vereinbart wird. Die Laufzeit der stillen Beteiligung liegt zwischen fünf und zehn Jahren. Für den Erwerb von Gesellschaftsanteilen wird auf Basis einer Unternehmensbewertung ein Kaufpreis mit dem Unternehmen verhandelt. Eine Bearbeitungsgebühr von i.d.R. 1 % der Beteiligungssumme ist bei Antragstellung zu entrichten.","Die Anträge werden direkt bei der ISB gestellt.Vor einer Antragstellung empfiehlt es sich, eine Beratung des Fachbereichs der ISB in Anspruch zu nehmen, um die Antragsvoraussetzungen und das weitere Vorgehen in einem persönlichen Gespräch zu klären. Zu einer telefonischen Vorab-Information stehen die Mitarbeiterinnen und Mitarbeiter des Beteiligungsbereiches gerne zur Verfügung.",Mike Walber | 06131 6172-1251 | mike.walber@isb.rlp.de || Holger Augustin | 06131 6172-1108 | holger.augustin@isb.rlp.de || Thorsten Bechtel | 06131 6172-1349 | thorsten.bechtel@isb.rlp.de || Jörg Bunzel | 06131 6172-1361 | joerg.bunzel@isb.rlp.de || Marina Fink | 06131 6172-1348 | marina.fink@isb.rlp.de || Sven Gilsdorf | 06131 6172-1481 | sven.gilsdorf@isb.rlp.de || Michael Herbach | 06131 6172-1340 | michael.herbach@isb.rlp.de || Mischa Jung | 06131 6172-1476 | mischa.jung@isb.rlp.de || Jutta Lehmann | 06131 6172-1362 | jutta.lehmann@isb.rlp.de || Heiko Merz | 06131 6172-1244 | heiko.merz@isb.rlp.de || Tim Schreck | 06131 6172-1426 | tim.schreck@isb.rlp.de || Holger Weißhaupt | 06131 6172-1460 | holger.weisshaupt@isb.rlp.de,https://isb.rlp.de/foerderung/300.html
Verbesserung der Angebotsqualität im rheinland-pfälzischen Gastgewerbe,"Das Land Rheinland-Pfalz gewährt auf Basis der Tourismusstrategie des Landes im Wege der Projektförderung Zuwendungen an kleine und mittlere Unternehmen des rheinland-pfälzischen Gastgewerbes. Gefördert werden Maßnahmen, die erwarten lassen, dass sie zur Qualitätsverbesserung des touristischen Angebots beitragen, nachhaltig wirken, auf einen deutlichen Mehrwert und die Anpassung an heutige Anforderungen und zukünftige Markttrends ausgerichtet sind. Insbesondere sollen wertschöpfungsstarke Zielgruppen angesprochen und ein Beitrag zur Saisonverlängerung geleistet werden.","Gefördert werden kleine und mittlere gewerbliche Unternehmen (KMU) des Gastgewerbes - darunter zu verstehen sind die unten genannten Arten von Beherbergungsbetrieben, einschließlich Campingbetriebe, sowie als speisengeprägte Gastronomiebetriebe Restaurants mit herkömmlicher Bedienung außerhalb von Verkehrsmitteln.Das heißt, inHotels, Hotels garni, Gasthöfen und Pensionenmüssen nach Maßnahmeabschluss mindestens 25 Zimmer mit zeitgemäßer Ausstattung zur Verfügung stehen. Die Betriebsstätte muss sich in Rheinland-Pfalz außerhalb der Fördergebiete der Gemeinschaftsaufgabe „Verbesserung der regionalen Wirtschaftsstruktur“ (GRW-Gebiete) befinden.Gastronomiebetriebenmüssen mindestens 40 Sitzplätze im Innenbereich zur Verfügung stehen. Die Betriebsstätte muss sich in Rheinland-Pfalz befinden. Die Lage außerhalb von GRW-Gebieten ist hier nicht erforderlich.Campingbetriebenmüssen mindestens 40 touristische Stellplätze - die nicht dem Dauercamping zuzurechnen sind - und zeitgemäße sanitäre Einrichtungen zur Verfügung stehen. Die Betriebsstätte muss sich in Rheinland-Pfalz befinden. Die Lage außerhalb von GRW-Gebieten ist hier nicht erforderlich.gastgewerblichen Mischbetrieben, die sowohl Beherbergung als auch eine speisengeprägte Gastronomie anbieten, müssen mindestens 25 Zimmer mit zeitgemäßer Ausstattung oder mindestens 40 Sitzplätze im Innenbereich oder 40 touristische Stellplätze - die nicht dem Dauercamping zuzurechnen sind - und zeitgemäße sanitäre Einrichtungen zur Verfügung stehen. Die Betriebsstätte muss sich in Rheinland-Pfalz befinden. Befindet sich der gastgewerbliche Mischbetrieb innerhalb eines GRW-Gebiets, kann er nur dann gefördert werden, wenn zum Zeitpunkt der Antragstellung im Jahresdurchschnitt weniger als 30 % des Umsatzes der Betriebsstätte mit reinen Übernachtungen erzielt wird. Diese Einschränkung gilt nicht für einen gastgewerblichen Mischbetrieb, der ausschließlich einen Campingplatz und einen speisegeprägten Gastronomiebetrieb umfasstDas Investitionsvorhaben muss in Rheinland-Pfalz umgesetzt werden. Innerhalb von sechs Monaten nach Maßnahmeabschluss ist die Zertifizierung „ServiceQualität Deutschland -Stufe I“ nachzuweisen.",Die Förderung erfolgt als Investitionszuschuss in Höhe des entsprechenden Förderhöchstsatzes. Dabei kann die Zuwendung je nach Unternehmensgröße 10 bis 20 % der förderfähigen Kosten betragen. Die maximale Zuschusshöhe beträgt in der Regel 500.000 Euro.,Der Förderantrag muss vor Investitionsbeginn - grundsätzlich der Abschluss eines Lieferungs- oder Leistungsvertrages - bei der ISB eingegangen sein. Als Investitionsbeginn gilt auch ein auf die Finanzierung des Vorhabens abgeschlossener Darlehens- oder Finanzierungsvertrag sowie die Aufnahme von Eigenleistungen. Vor dem Beginn des Investitionsvorhabens ist die schriftliche Bestätigung der grundsätzlichen Förderfähigkeit durch die ISB abzuwarten.,Beratung Wirtschaftsförderung | 06131 6172-1333 | beratung@isb.rlp.de,https://isb.rlp.de/foerderung/299.html
Darlehen Wohneigentum Universell,"Sie wollen Wohneigentum kaufen, bauen oder modernisieren?Die ISB unterstützt Sie dabei mit dem ISB-DarlehenWohneigentum Universell.","Bauherrinnen/Bauherren oder Käuferinnen/Käufer selbst genutzten Wohneigentums sowie Eigentümer, die ihr Objekt modernisieren möchten.Es müssen keine Einkommensgrenzen eingehalten werden.Mindestens ein Antragsteller muss ein unbefristetes Arbeitsverhältnis vorweisen, das seit mindestens 6 Monaten besteht.","Mit einemDarlehen, das in der Regel im Nachrang abgesichert wird. Der Darlehensbetrag liegt bei max. 100.000 Euro.Den Zinssatz des ISB-DarlehenWohneigentum Universell finden Siehier.Zinsfestschreibungen: 20 Jahre.","Der Antrag für das ISB-DarlehenWohneigentum Universell kann online gestellt werden, beachten Sie hierfür den entsprechendenLinkam Seitenende.",Beratung Wohnraumförderung | 06131 6172-1991 | wohnraum@isb.rlp.de || Martin Dzikowski | 06131 6172-1617 | martin.dzikowski@isb.rlp.de || Reto Schmitt | 06131 6172-1233 | reto.schmitt@isb.rlp.de,https://isb.rlp.de/foerderung/710.html
Erwerb von allgemeinen Belegungsrechten an bestehenden Mietwohnungen,"Eigentümerinnen und Eigentümer vonMietwohnungen, die ihre Wohnungen Mieterhaushalten zur Verfügung stellen, die bestimmteEinkommensgrenzen (§13 LWoFG plus 40 %)nicht überschreiten.","Eigentümerinnen und Eigentümer vonMietwohnungen, die ihre Wohnungen Mieterhaushalten zur Verfügung stellen, die bestimmteEinkommensgrenzen (§13 LWoFG plus 40 %)nicht überschreiten.","Gefördert wird mit einem einmaligen Zuschuss. Der Zuschuss ermittelt sich nach der Formel Preisunterschied x 109 x Wohnfläche.Beispiel: 0,75 Euro x 109 x 70 qm = 5.722,50 EuroDer Wert ""Preisunterschied"" entspricht 15 % des Mittelwerts des für die Wohnung maßgeblichen Mietspiegelfeldes oder einer anderen vergleichbaren Mietpreisübersicht.",,Bernd Wilhelm | 06131 6172–1839 | bernd.wilhelm@isb.rlp.de || Ulrike Maehrlein | 06131 6172-1645 | ulrike.maehrlein@isb.rlp.de || Alexandra Wüst | 06131 6172-1764 | alexandra.wuest@isb.rlp.de,https://isb.rlp.de/foerderung/781.html
Förderung des Erwerbs von Genossenschaftsanteilen,"Sie wollen Mitglied einer Wohnungsgenossenschaft werden, um ein Anrecht auf die Überlassung einer Wohnung zur Selbstnutzung zu erwerben.Die ISB unterstützt Sie dabei mit einem ISB-DarlehenErwerb von Genossenschaftsanteilen.","Haushalte, deren Einkommen die Einkommensgrenze des§ 13 Abs. 2 Landeswohnraumförderungsgesetz (LWoFG)um nicht mehr als 60 % übersteigt.","Mit dem ISB-Darlehen Erwerb von Genossenschaftsanteilen, das bis zu 80 % der Erwerbskosten für die zu zeichnenden Geschäftsanteile, höchstens 50.000 €, beträgt.Die Zinsen des ISB-Darlehens Erwerb von Genossenschaftsanteilen betragen für die Dauer von 10 Jahren 0,5 % p.a. Nach Ablauf der Zinsfestschreibung wird das Darlehen in marktüblicher Höhe verzinst. Die Tilgung beträgt mindestens 2,5 % p.a. zzgl. Ersparter Zinsen.Für die Bearbeitung des Darlehensantrages ist ein einmaliges Bearbeitungsentgelt von 1 % des beantragten Darlehensbetrages, mind. 250 € zu entrichten.","Das Antragsformular isthierabrufbar oder erhältlich bei den Stadt- und Kreisverwaltungen.Zur Beantragung des ISB-Darlehens reichen Sie diesen Antrag bei der zuständigen Stadt- oder Kreisverwaltung, in deren Gebiet das Objekt der Genossenschaft liegt, in dem Sie eine Wohnung beziehen wollen, ein.Bei Einhaltung der Fördervoraussetzungen erteilt die Verwaltung eine Förderbestätigung. Eine Kopie der Förderbestätigung wird der ISB gemeinsam mit Ihrem Antrag und den notwendigen Unterlagen zur abschließenden Darlehensbearbeitung weitergeleitet.",Reto Schmitt | 06131 6172-1233 | reto.schmitt@isb.rlp.de || Bernd Wilhelm | 06131 6172–1839 | bernd.wilhelm@isb.rlp.de || Ulrike Maehrlein | 06131 6172-1645 | ulrike.maehrlein@isb.rlp.de || Alexandra Wüst | 06131 6172-1764 | alexandra.wuest@isb.rlp.de,https://isb.rlp.de/foerderung/704.html
Förderung des Baus von Mietwohnungen,"Auf der Grundlage desLandeswohnraumförderungsgesetzes (LWoFG)und den Förderbedingungen des Landes unterstützt die ISB den Bau vonMietwohnungen. Im Vorfeld ihrer Entscheidung berät sie die Investierenden sowohl beim Neubau und Ersterwerb als auch bei Umbau, Umwandlung und Erweiterung von Wohnungen.","Investierende, die mindestens vier klimagerechte und preiswerte Mietwohnungen errichten oder mindestens vier Einheiten erwerben (Ersterwerb). Die Mieterhaushalte dürfen bestimmte Einkommensgrenzen nicht überschreiten.",Mit einem nachrangig durch Grundpfandrecht abgesicherten Darlehen der ISB (ISB-Darlehen Mietwohnungen). Daneben werden Tilgungszuschüsse gewährt.Der Zinssatz beträgt 1 % p. a.Die Tilgung beträgt mindestens 1 % p. a. (Annuitätendarlehen).,,Bernd Wilhelm | 06131 6172–1839 | bernd.wilhelm@isb.rlp.de || Ulrike Maehrlein | 06131 6172-1645 | ulrike.maehrlein@isb.rlp.de || Reto Schmitt | 06131 6172-1233 | reto.schmitt@isb.rlp.de || Alexandra Wüst | 06131 6172-1764 | alexandra.wuest@isb.rlp.de,https://isb.rlp.de/foerderung/551.html
Junges Wohnen - Studierenden- und Auszubildendenwohnheime,Auf der Grundlage desLandeswohnraumförderungsgesetzes (LWoFG)und der Förderbedingungen des Landes unterstützt die ISB den Bau von Studierenden- und Auszubildendenwohnheimen. Im Vorfeld ihrer Entscheidung berät sie die Investierenden.,"Investierende, die Studierenden- und Auszubildendenwohnheime mit preiswerten Mieten errichten.",Mit einem nachrangig durch Grundpfandrecht abgesicherten Darlehen der ISB (ISB-Darlehen Junges Wohnen).Daneben werden Tilgungszuschüsse gewährt.Der anfängliche Zinssatz beträgt 0 % jährlich.Die Tilgung beträgt mind. 1 % jährlich p.a. (Annuitätendarlehen).,,Bernd Wilhelm | 06131 6172–1839 | bernd.wilhelm@isb.rlp.de || Ulrike Maehrlein | 06131 6172-1645 | ulrike.maehrlein@isb.rlp.de || Reto Schmitt | 06131 6172-1233 | reto.schmitt@isb.rlp.de || Alexandra Wüst | 06131 6172-1764 | alexandra.wuest@isb.rlp.de,https://isb.rlp.de/foerderung/556.html
Förderung von selbst genutztem Wohnraum,Sie wollen Wohneigentum kaufen oder bauen?Die ISB unterstützt Sie dabei mit einem ISB-DarlehenWohneigentum.,"Bauherrinnen/Bauherren oder Käuferinnen/Käufer selbst genutzten Wohneigentums, deren Haushaltseinkommen die Einkommensgrenzedes § 13 Abs. 2 Landeswohnraumförderungsgesetz (LWoFG)um nicht mehr als 60 % übersteigt.","Mit einem Darlehen der ISB, das in der Regel im Nachrang gesichert wirdMit einem Tilgungszuschuss bis zu 10 % auf das ISB-Darlehen. Eine Übersicht finden der Tilgungszuschüsse finden Siehier.Das ISB-Darlehen Wohneigentum setzt sich zusammen aus einem Grunddarlehen in Höhe von 30 % der Gesamtkosten sowie ggf. einem oder mehreren Zusatzdarlehen in Höhe von jeweils 5 % der Gesamtkosten.Zusatzdarlehen in Höhe von 5 % der Gesamtkosten können gewährt werdenbei Ersatzneubautenbei Haushalten, deren Einkommen die Einkommensgrenze des § 13 Abs. 2 LWoFG um nicht mehr als 10 % überschreitetje Kindje haushaltsangehörige Person mit Schwerbehinderung (Grad der Behinderung von wenigstens 50) oder pflegebedürftige Personen nach dem Elften Buch Sozialgesetzbuchbei Ankaufbei baulichen Maßnahmen nach einem Ankauf (Ankauf mit gleichzeitigem Umbau, Ausbau, Erweiterung, Umwandlung oder Modernisierung, wenn die baulichen Maßnahmen mindestens 10.000 Euro betragen.)Die Darlehensobergrenzen für das ISB-Darlehen Wohneigentum ist abhängig von der Fördermietenstufe, in der sich das Objekt befindet. Je nach Fördermietenstufe gelten folgende Höchstbeträge:","Das Antragsformular isthierabrufbar oder erhältlich bei den Stadt- und Kreisverwaltungen.Zur Beantragung des ISB-Darlehens reichen Sie diesen Antrag bei der zuständigen Stadt- oder Kreisverwaltung, in deren Gebiet der zu fördernde Wohnraum liegt, ein.Bei Einhaltung der Fördervoraussetzungen erteilt die Verwaltung eine Förderbestätigung. Eine Kopie der Förderbestätigung wird der ISB gemeinsam mit Ihrem Antrag und den notwendigen Unterlagen zur abschließenden Darlehensbearbeitung weitergeleitet.",Beratung Wohnraumförderung | 06131 6172-1991 | wohnraum@isb.rlp.de || Martin Dzikowski | 06131 6172-1617 | martin.dzikowski@isb.rlp.de || Annette Fries | 06131 6172-1658 | annette.friess@isb.rlp.de || Oliver Jung | 06131 6172-1768 | oliver.jung@isb.rlp.de || Reto Schmitt | 06131 6172-1233 | reto.schmitt@isb.rlp.de,https://isb.rlp.de/foerderung/503.html
Förderung von Gemeinschaftswohnungen für betreute Wohngruppen und Wohngemeinschaften,"Barrierefreiheit, gemeinschaftliches Wohnen sowie Pflege- und Unterstützungsleistungen gewinnen zunehmend an Bedeutung. Das selbstbestimmte Wohnen hat dabei für die meisten Menschen nach wie vor oberste Priorität. Dies gilt nicht nur für ältere Menschen, sondern auch für Menschen mit Behinderung.Auf der Grundlage des Landeswohnraumförderungsgesetzes (LWoFG) und den Förderbedingungen des Landes unterstützt die ISB den Bau von Gemeinschaftswohnungen. In diesem Programm wird Wohnraum für betreute Wohngruppen und Wohngemeinschaften gefördert. Wohnformen, die barrierefrei ein gemeinschaftliches Wohnen – auch für Menschen mit Demenz - ermöglichen. Darüber hinaus werden Wohngemeinschaften für Studierende oder Auszubildende sowie ältere oder behinderte Menschen gefördert, die ebenfalls barrierefrei zu errichten sind.Im Vorfeld ihrer Entscheidung berät sie die Bauherrin oder den Bauherren sowohl beim Neubau und Ersterwerb als auch bei Umbau, Umwandlung und Erweiterung.","Investierende, die Gemeinschaftswohnungen für betreute Wohngruppen für ältere Menschen, volljährige Menschen mit Behinderungen und pflegebedürftige volljährige Menschen mit Unterstützungsbedarf schaffenInvestierende, die Gemeinschaftswohnungen für Wohngemeinschaften für Studierende, Auszubildende, ältere oder behinderte Menschen schaffen und diesem Personenkreis preisgünstig zur Verfügung stellen.",Mit einem nachrangig durch Grundpfandrecht abgesichertenDarlehender ISB (ISB-DarlehenGemeinschaftswohnungen). Daneben werden Tilgungszuschüsse gewährt.Der Zinssatz beträgt 1 % p.a. Die Tilgung beträgt mindestens 1 % p.a. (Annuitätendarlehen).,,Ulrike Maehrlein | 06131 6172-1645 | ulrike.maehrlein@isb.rlp.de || Bernd Wilhelm | 06131 6172–1839 | bernd.wilhelm@isb.rlp.de || Alexandra Wüst | 06131 6172-1764 | alexandra.wuest@isb.rlp.de,https://isb.rlp.de/foerderung/554.html
Modernisierung selbst genutzten Wohnraums,In diesem Programm wird die Modernisierung von selbst genutztem Wohneigentum gefördert. Kosten für die Modernisierung einer Einliegerwohnung können in diesem Programm nicht finanziert werden.,"Eigentümerinnen/Eigentümer oder dinglich Nutzungsberechtigte selbst genutzten Wohneigentums, deren Einkommen die Einkommensgrenze des§ 13 Abs. 2 Landeswohnraumförderungsgesetz (LWoFG)um nicht mehr als 10 % oderum nicht mehr als 60 %überschreitet","Mit einem Darlehen der ISB, das in der Regel im Nachrang abgesichert wirdDas Darlehen beträgt für einen 4-Personenhaushalt max. 100.000 Euro, für jedes weitere Haushaltsmitglied kann das Darlehen um 5.000 Euro erhöht werdenDas Darlehen ist begrenzt auf die Höhe der voraussichtlichen Investitionskosten. Die voraussichtlichen Kosten der Modernisierung sind bei Antragsstellung durch einen fachkundig erstellten Kostenvoranschlag zu belegen.Daneben können Haushalte, deren Einkommen die Einkommensgrenze des§ 13 Abs. 2 Landeswohnraumförderungsgesetz (LWoFG)um nicht mehr als 10 % überschreitet, einen Tilgungszuschuss von bis zu 25 % des ISB-Darlehens beantragen. Haushalte, deren Einkommen die Einkommensgrenze des § 13 Abs. 2 Landeswohnraumförderungsgesetz (LWoFG) um nicht mehr als 60 % überschreitet, können einen Tilgungszuschuss von bis zu 15 % des ISB-Darlehens beantragen.Bei Stellung des Förderantrages ist ein Energieeffizienz-Experte oder Energieeffizienz-Expertin für Förderprogramme des Bundes im Hinblick auf die Effizienzhausstandards einzubinden, sofern der Effizienzhausstandard EH 85 (GEG 2023) oder EH 55 (GEG 2023) erreicht wird.Zugelassen sind alle Energieeffizienz-Expertinnen und Energieeffizienz-Experten, die in der Expertenliste für Förderprogramme des Bundes unter www.energie-effizienz-experten.de als Sachverständige aufgeführt sind.",,Beratung Wohnraumförderung | 06131 6172-1991 | wohnraum@isb.rlp.de || Martin Dzikowski | 06131 6172-1617 | martin.dzikowski@isb.rlp.de || Annette Fries | 06131 6172-1658 | annette.friess@isb.rlp.de || Oliver Jung | 06131 6172-1768 | oliver.jung@isb.rlp.de || Reto Schmitt | 06131 6172-1233 | reto.schmitt@isb.rlp.de,https://isb.rlp.de/foerderung/505.html
Modernisierung vermieteten Wohnraums,"Auf der Grundlage desLandeswohnraumförderungsgesetzes (LWoFG)und den Förderbedingungen des Landes unterstützt die ISB die Modernisierung vonMietwohnungen. Im Vorfeld ihrer Entscheidung berät sie die Bauherrin oder den Bauherrn zu allen Maßnahmen, die in diesem Rahmen gefördert werden.",Eigentümerinnen/Eigentümer von MietwohnungenDinglich Nutzungsberechtigte,"Mit einem nachrangig durch Grundpfandrecht abgesicherten Darlehen der ISB (ISB-Darlehen Modernisierung von Mietwohnungen).Daneben wird ein Tilgungszuschuss von bis zu 40 % des ISB-Darlehens gewährt.Die Höhe des ISB-Darlehens Modernisierung von Mietwohnungen beträgt max. 140.000 Euro wenn kein Effizienzhausstandard und 175.000 Euro je Wohnung, wenn mindestens ein Effizienzhausstandard von 85 (gemäß GEG in der jeweils gültigen Fassung) erreicht wird.Das ISB-Darlehen ist begrenzt auf die Höhe der voraussichtlichen Investitionskosten und muss mindestens 5.000 Euro je Wohnung betragen. Die Investitionskosten sind durch einen fachkundig erstellten Kostenvoranschlag zu belegen.Bei einer klimagerechten Modernisierung ist ein Energieeffizienz-Experte oder Energieeffizienz-Expertin für Förderprogramme des Bundes im Hinblick auf die Einhaltung des Effizienzhausstandards von mindestens 85 (GEG in der jeweils gültigen Fassung) und die Verwendung ökologischer Baustoffe bereits bei Antragsstellung einzubinden. Zugelassen sind alle Energieeffizienz-Expertinnen und Energieeffizienz-Experten, die in der Expertenliste für Förderprogramme des Bundes unterwww.energie-effizienz-experten.deals Sachverständige aufgeführt sind.Voraussetzung ist, dass nach Abschluss der Modernisierung festgelegte Anfangsmieten in dem geförderten Mietobjekt nicht überschritten werden. Ferner dürfen die Mieterhaushalte bestimmte Einkommensgrenzen nicht überschreiten.",,Bernd Wilhelm | 06131 6172–1839 | bernd.wilhelm@isb.rlp.de || Martin Dzikowski | 06131 6172-1617 | martin.dzikowski@isb.rlp.de || Ulrike Maehrlein | 06131 6172-1645 | ulrike.maehrlein@isb.rlp.de || Reto Schmitt | 06131 6172-1233 | reto.schmitt@isb.rlp.de || Alexandra Wüst | 06131 6172-1764 | alexandra.wuest@isb.rlp.de,https://isb.rlp.de/foerderung/553.html
„Junges Wohnen“ Modernisierung von Studierenden- und Auszubildendenwohnheimen,"Auf der Grundlage desLandeswohnraumförderungsgesetzes (LWoFG)und den Förderbedingungen des Landes unterstützt die ISB die Modernisierung von Studierenden- und Auszubildendenwohnheimen. Im Vorfeld ihrer Entscheidung berät sie die Investierenden zu allen Maßnahmen, die in diesem Rahmen gefördert werden.","Eigentümerinnen und Eigentümer von Studierenden - und AuszubildendenwohnheimenVoraussetzung ist, dass nach Abschluss der Modernisierung die festgelegten Anfangsmieten eingehalten werden. Studierende müssen Immatrikulationsbescheinigungen und Auszubildende geeignete Nachweise über das Bestehen eines Ausbildungsverhältnisses vor Mietbeginn vorlegen.",Mit einem nachrangig durch Grundpfandrecht abgesichertem Darlehen der ISB (ISB-Darlehen „Junges Wohnen“ Modernisierung von Studierenden- und Auszubildendenwohnheimen).Daneben wird ein Tilgungszuschuss des ISB-Darlehens gewährt.Das Darlehen beträgt bis zu 60.000 Euro je Bewohnerplatz bzw. bis zu 100.000 Euro je Bewohnerplatz bei der klimagerechten Modernisierung und  ist begrenzt auf die Höhe der voraussichtlichen Investitionskosten. Die Investitionskosten sind durch einen fachkundig erstellten Kostenvoranschlag zu belegen und müssen mindestens 5.000 Euro je Bewohnerpletz betragen.,,Bernd Wilhelm | 06131 6172–1839 | bernd.wilhelm@isb.rlp.de || Ulrike Maehrlein | 06131 6172-1645 | ulrike.maehrlein@isb.rlp.de || Reto Schmitt | 06131 6172-1233 | reto.schmitt@isb.rlp.de || Alexandra Wüst | 06131 6172-1764 | alexandra.wuest@isb.rlp.de,https://isb.rlp.de/foerderung/558.html
Sonderprogramm zur Förderung von Wohnraum für Flüchtlinge und Asylbegehrende,Vor dem Hintergrund einer steigenden Zahl von Flüchtlingen und Asylbegehrenden in Rheinland-Pfalz und der damit verbundenen Nachfrage nach Wohnraum soll mit diesem Programm die Wohnraumversorgung von Flüchtlingen oder Asylbegehrende in Rheinland-Pfalz im Anschluss an die vorläufige staatliche Unterbringung nachhaltig verbessert werden.,"Eigentümerinnen und Eigentümer oder dinglich Nutzungsberechtigte von Gebäuden, die diese für die Unterbringung von Flüchtlingen oder Asylbegehrende herrichten.",Mit einem i. d. R. nachrangig durch Grundpfandrecht gesicherten Darlehen der ISB (ISB-Darlehen Wohnraum für Flüchtlinge und Asylbegehrende).Daneben wird ein Tilgungszuschuss von 25 % des ISB-Darlehens gewährt.Die Höhe des ISB-Darlehens  Wohnraum für Flüchtlinge und Asylbegehrende beträgt 1.150 € je m² förderfähiger Wohnfläche. Das Darlehen ist begrenzt auf die Höhe der voraussichtlichen Investitionskosten. Die voraussichtlichen Investitionskosten sind durch einen fachkundig erstellten Kostenvoranschlag zu belegen.,"Den Antrag können Siehierabrufen. Wir empfehlen im Vorfeld ein Beratungsgespräch in der ISB.Mit dem Antrag ist eine Stellungnahme der zuständigen Gemeinde, ob das Bauvorhaben geeignet ist, auf ISB Vordruck vorzulegen. Die fachliche Stellungnahme des Ministeriums für Familie, Frauen, Jugend, Integration und Verbraucherschutz (MFFJIV) holt die ISB ein.",Beratung Wohnraumförderung | 06131 6172-1991 | wohnraum@isb.rlp.de || Martin Dzikowski | 06131 6172-1617 | martin.dzikowski@isb.rlp.de || Bernd Wilhelm | 06131 6172–1839 | bernd.wilhelm@isb.rlp.de || Ulrike Maehrlein | 06131 6172-1645 | ulrike.maehrlein@isb.rlp.de,https://isb.rlp.de/foerderung/759.html
ISB Kommunaldarlehen,"Um die kommunale Handlungsfreiheit und die Lebensqualität in Rheinland-Pfalz zu sichern, vergeben wir langfristig zinsgünstige Kredite an Kommunen und ihre kommunale Einrichtungen.",Die Finanzierung richtet sich an Einrichtungen des öffentlichen Sektors mit Sitz in Rheinland-Pfalz:GebietskörperschaftenÖffentlich-rechtliche Zweckverbände,Laufzeiten/Zinsbindungen:bis zu 30 JahreDarlehnsformen:Endfällige DarlehenTilgungsdarlehenAnnuitätendarlehenjeweils alsFestzinsdarlehenRoll-over-Darlehen (variable Verzinsung),Die ISB unterbreitet auf Anfrage ein Angebot für den Abschluss eines Finanzierungsvertrages.Ihre Anfrage richten Sie bitte anisb-kommunalkredite@isb.rlp.de.,Beratung ISB Kommunaldarlehen | isb-kommunalkredite@isb.rlp.de || Heike Bicking | 06131 6172-1266 | heike.bicking@isb.rlp.de || Olga Wolter | 06131 6172-1341 | olga.wolter@isb.rlp.de || Maximilian Schäfer | 06131 6172-1400 | maximilian.schaefer@isb.rlp.de || Anna Groma | 06131 6172-1615 | anna.groma@isb.rlp.de || Marc Lungwitz | 06131 6172-1394 | marc.lungwitz@isb.rlp.de,https://isb.rlp.de/foerderung/202.html
Infrastrukturfinanzierung in Rheinland-Pfalz,"Mit dem Programm leistet die Investitions- und Strukturbank Rheinland-Pfalz (ISB) einen Beitrag zur Finanzierung von kleinen und mittleren Infrastrukturvorhaben oder Investitionen zur nachhaltigen Kommunal- und Regionalentwicklung in Rheinland-Pfalz. Finanzierungsziele sind die Förderung des wirtschaftlichen und sozialen Zusammenhalts und der Konvergenz in der erweiterten Union, Umweltschutz und nachhaltige Kommunalentwicklung, Förderung einer nachhaltigen, wettbewerbsfähigen und sicheren Energieversorgung und der Ausbau transeuropäischer Netze.","Einrichtungen des öffentlichen Sektors und privatwirtschaftlich organisierte Unternehmen der öffentlichen Hand:GebietskörperschaftenKörperschaften und Anstalten des öffentlichen RechtsÖffentlich-rechtliche ZweckverbändeVerbände, die aus einem oder mehreren dieser Körperschaften bzw. Anstalten des öffentlichen Rechts bestehenKommunale Unternehmen in Form einer GmbH oder AGStiftungen des öffentlichen Rechtsgemeinnützige Organisationen, einschließlich Kirchen","Die Förderung erfolgt in der Regel durch Kredite, die entweder durch die ISB direkt oder von der ISB als Teil eines Kreditkonsortiums vergeben werden. Auch andere Finanzierungsformen – wie zum Beispiel Forfaitierung von Forderungen – sind möglich. Die Konditionen orientieren sich am Grad der Verflechtung mit den Gebietskörperschaften sowie der konkreten Besicherung des Vorhabens. Die Laufzeit der Finanzierung beträgt bis zu 30 Jahre und kann 100 % derGesamtkostendes Vorhabens betragen. Der Kreditmindestbetrag liegt in der Regel bei 250.000 Euro und der Kredithöchstbetrag in der Regel bei 25 Mio. Euro.",Die ISB unterbreitet auf Anfrage ein Angebot für den Abschluss eines Finanzierungsvertrages.Ihre Anfrage richten Sie bitte per E-Mail anisb-kommunalkredite@isb.rlp.de.,Beratung ISB Kommunaldarlehen | isb-kommunalkredite@isb.rlp.de || Heike Bicking | 06131 6172-1266 | heike.bicking@isb.rlp.de || Anna Groma | 06131 6172-1615 | anna.groma@isb.rlp.de || Maximilian Schäfer | 06131 6172-1400 | maximilian.schaefer@isb.rlp.de,https://isb.rlp.de/foerderung/147.html
Zweckgebundene Kommunalkredite zur Unterbringung von Flüchtlingen,Vor dem Hintergrund einer steigenden Zahl von Flüchtlingen und Asylbegehrenden in Rheinland-Pfalz und der damit verbundenen Nachfrage nach Wohnraum soll mit diesem Programm die Wohnraumversorgung durch Gebietskörperschaften für Flüchtlinge und Asylbegehrende in Rheinland-Pfalz nachhaltig verbessert werden.,Gebietskörperschaften und kommunale Zweckverbände,"Das Festzinsdarlehen, welches in maximal 2 Teilbeträgen abgerufen werden kann, erfolgt zu Kommunalkreditkonditionen der ISB. Der Zinssatz beträgt 0 % p.a. (die Verbilligung erfolgt durch das Land Rheinland-Pfalz) für die ersten 3 Jahre der Laufzeit. Ggf. kann eine Verlängerung der zinsfreien Zeit gewährt werden. Die Zinsbindung beträgt maximal 10 Jahre und die Rückzahlung des Darlehens kann ratierlich oder endfällig erfolgen.",,Beratung ISB Kommunaldarlehen | isb-kommunalkredite@isb.rlp.de || Heike Bicking | 06131 6172-1266 | heike.bicking@isb.rlp.de || Olga Wolter | 06131 6172-1341 | olga.wolter@isb.rlp.de || Maximilian Schäfer | 06131 6172-1400 | maximilian.schaefer@isb.rlp.de,https://isb.rlp.de/foerderung/170.html
Zuwendungen zur Verbesserung der Versorgung von Binnenschiffen mit Landstrom in Rheinland-Pfalz,"Die Antragsfrist ist abgelaufen, daher können keine Anträge mehr gestellt werden.","Zuwendungsempfänger sind juristische Personen des öffentlichen und des privaten Rechts die Landstromanlagen bereitstellen, betreiben, anbieten oder dies für die Zukunft planen.","Die Zuwendung erfolgt als Anteilfinanzierung mit einem Fördersatz von bis zu 80 v. H. der förderfähigen Kosten, der Bund beteiligt sich mit bis zu 75 v. H. an der Zuwendung",,Tobias Stellwagen | 06131 6172-1404 | tobias.stellwagen@isb.rlp.de || Georg Münch | 06131 16-2289 | Georg.Muench@mwvlw.rlp.de,https://isb.rlp.de/foerderung/245l.html
Partnerschaft zur Entschuldung der Kommunen in Rheinland-Pfalz,"Am 25.01.2023 hat der Landtag Rheinland-Pfalz das Landesgesetz über die Partnerschaft zur Entschuldung der Kommunen in Rheinland-Pfalz (PEK-RP) in einem Gesamtvolumen von 3 Mrd. EUR beschlossen.Mit der Umsetzung des Programmes ist die Investitions- und Strukturbank Rheinland-Pfalz (ISB) beauftragt.Die Antragstellung kann ab sofort online über das Antragsportal bei der ISB erfolgen.Den entsprechenden Link zum Portal finden Siehier.Den Link zum Anwenderhandbuch, welches Erläuterungen zur sicheren Anwendung des Portals und der Antragstellungzum PEK-RP enthält , finden Siehier.Einen weiteren Link zum Ministerium der Finanzen, wo Sie weitergehende Informationen zum Programm PEK-RP erhalten, finden Siehier.Den Link für die Meldung derVerbindlichkeiten gegenüber der Einheitskassefinden Siehier.Weitere Dokumente:Erklärung zum AntragErklärung zu Kreditverträgen",,,,Heike Bicking | 06131 6172-1266 | heike.bicking@isb.rlp.de || Maximilian Schäfer | 06131 6172-1400 | maximilian.schaefer@isb.rlp.de || Marc Lungwitz | 06131 6172-1394 | marc.lungwitz@isb.rlp.de,https://isb.rlp.de/foerderung/pek-rp.html
